event_id,event_name,timestamp_utc,date,time_utc,latitude,longitude,ci_no,ecp_hpa,msw_kt,delta_p_hpa,category,grid_id
1,REMAL,2024-05-24 00:00:00,24.05.24,0,15.0,88.4,1.5,996.0,25.0,3.0,D,
1,REMAL,2024-05-24 03:00:00,24.05.24,300,15.5,88.7,1.5,996.0,25.0,3.0,D,
1,REMAL,2024-05-24 06:00:00,24.05.24,600,15.8,88.9,1.5,996.0,25.0,3.0,D,
1,REMAL,2024-05-24 12:00:00,24.05.24,1200,16.2,89.1,1.5,995.0,25.0,3.0,D,
1,REMAL,2024-05-24 18:00:00,24.05.24,1800,16.8,89.4,1.5,995.0,25.0,3.0,D,
1,REMAL,2024-05-25 00:00:00,25.05.24,0,17.6,89.7,2.0,993.0,30.0,4.0,DD,
1,REMAL,2024-05-25 03:00:00,25.05.24,300,18.0,89.7,2.0,992.0,30.0,5.0,DD,
1,REMAL,2024-05-25 06:00:00,25.05.24,600,18.2,89.7,2.0,991.0,30.0,5.0,DD,
1,REMAL,2024-05-25 12:00:00,25.05.24,1200,18.8,89.5,2.5,989.0,35.0,7.0,CS,
1,REMAL,2024-05-25 15:00:00,25.05.24,1500,19.1,89.5,2.5,989.0,35.0,7.0,CS,
1,REMAL,2024-05-25 18:00:00,25.05.24,1800,19.3,89.4,2.5,988.0,40.0,8.0,CS,
1,REMAL,2024-05-25 21:00:00,25.05.24,2100,19.4,89.4,2.5,986.0,45.0,10.0,CS,
1,REMAL,2024-05-26 00:00:00,26.05.24,0,19.5,89.4,3.0,984.0,50.0,12.0,SCS,
1,REMAL,2024-05-26 03:00:00,26.05.24,300,19.8,89.3,3.0,984.0,50.0,12.0,SCS,
1,REMAL,2024-05-26 06:00:00,26.05.24,600,20.2,89.2,3.0,983.0,50.0,13.0,SCS,
1,REMAL,2024-05-26 09:00:00,26.05.24,900,20.6,89.2,3.5,981.0,55.0,15.0,SCS,
1,REMAL,2024-05-26 12:00:00,26.05.24,1200,21.1,89.2,3.5,978.0,60.0,18.0,SCS,
1,REMAL,2024-05-26 15:00:00,26.05.24,1500,21.4,89.2,3.5,978.0,60.0,18.0,SCS,
1,REMAL,2024-05-26 18:00:00,26.05.24,1800,21.7,89.2,3.5,978.0,60.0,18.0,SCS,
1,REMAL,2024-05-26 21:00:00,26.05.24,2100,22.0,89.2,,980.0,55.0,16.0,SCS,
1,REMAL,2024-05-27 00:00:00,27.05.24,0,22.5,89.2,,982.0,45.0,12.0,CS,
1,REMAL,2024-05-27 03:00:00,27.05.24,300,22.8,89.2,,984.0,40.0,10.0,CS,
1,REMAL,2024-05-27 06:00:00,27.05.24,600,23.0,89.2,,985.0,35.0,9.0,CS,
1,REMAL,2024-05-27 09:00:00,27.05.24,900,23.3,89.4,,986.0,35.0,8.0,CS,
1,REMAL,2024-05-27 12:00:00,27.05.24,1200,23.6,89.7,,987.0,35.0,7.0,CS,
1,REMAL,2024-05-27 15:00:00,27.05.24,1500,23.8,90.2,,988.0,30.0,6.0,DD,
1,REMAL,2024-05-27 18:00:00,27.05.24,1800,24.0,90.5,,990.0,30.0,5.0,DD,
1,REMAL,2024-05-28 00:00:00,28.05.24,0,24.4,91.1,,991.0,20.0,4.0,D,
1,REMAL,2024-05-28 03:00:00,28.05.24,300,24.7,91.5,,992.0,20.0,3.0,D,
1,REMAL,2024-05-28 06:00:00,28.05.24,600,25.1,91.8,,993.0,20.0,3.0,D,
2,July Depression,2024-07-19 03:00:00,19.07.24,300,19.1,86.2,1.5,992.0,3.0,25.0,D,
2,July Depression,2024-07-19 06:00:00,19.07.24,600,19.2,86.0,1.5,992.0,3.0,25.0,D,
2,July Depression,2024-07-19 12:00:00,19.07.24,1200,19.4,85.7,1.5,990.0,4.0,25.0,D,
2,July Depression,2024-07-19 18:00:00,19.07.24,1800,19.5,85.6,1.5,990.0,4.0,25.0,D,
2,July Depression,2024-07-20 00:00:00,20.07.24,0,19.6,85.5,1.5,991.0,4.0,25.0,D,
2,July Depression,2024-07-20 03:00:00,20.07.24,300,19.6,85.5,1.5,992.0,3.0,25.0,D,
2,July Depression,2024-07-20 06:00:00,20.07.24,600,19.7,85.4,1.5,992.0,3.0,25.0,D,
3,August Deep Depression,2024-08-02 12:00:00,02.08.24,1200,24.2,85.2,,992.0,20.0,3.0,D,
3,August Deep Depression,2024-08-02 18:00:00,02.08.24,1800,24.2,84.9,,992.0,20.0,3.0,D,
3,August Deep Depression,2024-08-03 00:00:00,03.08.24,0,24.3,84.6,,991.0,25.0,4.0,D,
3,August Deep Depression,2024-08-03 03:00:00,03.08.24,300,24.4,84.4,,990.0,30.0,5.0,DD,
3,August Deep Depression,2024-08-03 06:00:00,03.08.24,600,24.5,84.2,,988.0,30.0,6.0,DD,
3,August Deep Depression,2024-08-03 12:00:00,03.08.24,1200,24.8,83.0,,988.0,30.0,6.0,DD,
3,August Deep Depression,2024-08-03 18:00:00,03.08.24,1800,24.8,81.5,,990.0,30.0,6.0,DD,
3,August Deep Depression,2024-08-04 00:00:00,04.08.24,0,24.9,81.0,,990.0,30.0,6.0,DD,
3,August Deep Depression,2024-08-04 03:00:00,04.08.24,300,25.0,80.7,,991.0,30.0,5.0,DD,
3,August Deep Depression,2024-08-04 06:00:00,04.08.24,600,25.3,79.6,,992.0,30.0,5.0,DD,
3,August Deep Depression,2024-08-04 12:00:00,04.08.24,1200,25.8,78.4,,992.0,30.0,5.0,DD,
3,August Deep Depression,2024-08-04 18:00:00,04.08.24,1800,26.0,77.6,,992.0,30.0,5.0,DD,
3,August Deep Depression,2024-08-05 00:00:00,05.08.24,0,26.3,76.2,,993.0,25.0,4.0,D,
3,August Deep Depression,2024-08-05 03:00:00,05.08.24,300,26.5,75.6,,993.0,25.0,4.0,D,
3,August Deep Depression,2024-08-05 06:00:00,05.08.24,600,26.8,75.2,,994.0,25.0,3.0,D,
3,August Deep Depression,2024-08-05 12:00:00,05.08.24,1200,27.6,73.5,,994.0,20.0,3.0,D,
3,August Deep Depression,2024-08-05 18:00:00,05.08.24,1800,28.8,72.0,,996.0,20.0,3.0,D,
4,ASNA,2024-08-25 00:00:00,25.08.24,0,24.5,77.3,,997.0,20.0,3.0,D,
4,ASNA,2024-08-25 03:00:00,25.08.24,300,24.6,76.9,,997.0,20.0,3.0,D,
4,ASNA,2024-08-25 06:00:00,25.08.24,600,24.6,76.5,,996.0,20.0,4.0,D,
4,ASNA,2024-08-25 12:00:00,25.08.24,1200,24.4,75.6,,996.0,25.0,4.0,D,
4,ASNA,2024-08-25 18:00:00,25.08.24,1800,24.3,74.7,,995.0,30.0,5.0,DD,
4,ASNA,2024-08-26 00:00:00,26.08.24,0,24.2,74.2,,995.0,30.0,5.0,DD,
4,ASNA,2024-08-26 03:00:00,26.08.24,300,24.1,74.0,,995.0,30.0,5.0,DD,
4,ASNA,2024-08-26 06:00:00,26.08.24,600,23.8,73.6,,995.0,30.0,5.0,DD,
4,ASNA,2024-08-26 12:00:00,26.08.24,1200,23.8,73.0,,995.0,30.0,5.0,DD,
4,ASNA,2024-08-26 18:00:00,26.08.24,1800,23.8,72.4,,995.0,30.0,5.0,DD,
4,ASNA,2024-08-27 00:00:00,27.08.24,0,23.8,72.2,,995.0,30.0,5.0,DD,
4,ASNA,2024-08-27 03:00:00,27.08.24,300,23.8,72.0,,995.0,30.0,5.0,DD,
4,ASNA,2024-08-27 06:00:00,27.08.24,600,23.7,71.7,,995.0,30.0,5.0,DD,
4,ASNA,2024-08-27 12:00:00,27.08.24,1200,23.7,71.0,,995.0,30.0,5.0,DD,
4,ASNA,2024-08-27 18:00:00,27.08.24,1800,23.7,70.6,,995.0,30.0,5.0,DD,
4,ASNA,2024-08-28 00:00:00,28.08.24,0,23.7,70.0,,995.0,30.0,5.0,DD,
4,ASNA,2024-08-28 03:00:00,28.08.24,300,23.7,69.7,,995.0,30.0,5.0,DD,
4,ASNA,2024-08-28 06:00:00,28.08.24,600,23.7,69.7,,994.0,30.0,6.0,DD,
4,ASNA,2024-08-28 12:00:00,28.08.24,1200,23.7,69.7,,994.0,30.0,6.0,DD,
4,ASNA,2024-08-28 18:00:00,28.08.24,1800,23.7,69.7,,994.0,30.0,6.0,DD,
4,ASNA,2024-08-29 00:00:00,29.08.24,0,23.7,69.5,,994.0,30.0,6.0,DD,
4,ASNA,2024-08-29 03:00:00,29.08.24,300,23.7,69.4,,994.0,30.0,6.0,DD,
4,ASNA,2024-08-29 06:00:00,29.08.24,600,23.7,69.4,,994.0,30.0,6.0,DD,
4,ASNA,2024-08-29 12:00:00,29.08.24,1200,23.6,69.2,,994.0,30.0,6.0,DD,
4,ASNA,2024-08-29 18:00:00,29.08.24,1800,23.6,69.0,,994.0,30.0,6.0,DD,
4,ASNA,2024-08-30 00:00:00,30.08.24,0,23.5,68.4,,994.0,30.0,6.0,DD,
4,ASNA,2024-08-30 03:00:00,30.08.24,300,23.5,68.2,2.0,994.0,30.0,6.0,DD,
4,ASNA,2024-08-30 06:00:00,30.08.24,600,23.5,67.9,2.5,993.0,35.0,7.0,CS,
4,ASNA,2024-08-30 09:00:00,30.08.24,900,23.5,67.5,2.5,993.0,35.0,7.0,CS,
4,ASNA,2024-08-30 12:00:00,30.08.24,1200,23.5,67.2,2.5,993.0,35.0,7.0,CS,
4,ASNA,2024-08-30 15:00:00,30.08.24,1500,23.5,67.0,2.5,992.0,35.0,7.0,CS,
4,ASNA,2024-08-30 18:00:00,30.08.24,1800,23.6,66.4,2.5,992.0,35.0,7.0,CS,
4,ASNA,2024-08-30 21:00:00,30.08.24,2100,23.6,66.2,25.0,992.0,35.0,7.0,CS,
4,ASNA,2024-08-31 00:00:00,31.08.24,0,23.6,65.8,2.5,991.0,40.0,8.0,CS,
4,ASNA,2024-08-31 03:00:00,31.08.24,300,23.6,65.3,2.5,991.0,40.0,8.0,CS,
4,ASNA,2024-08-31 06:00:00,31.08.24,600,23.6,64.9,2.5,991.0,40.0,8.0,CS,
4,ASNA,2024-08-31 09:00:00,31.08.24,900,23.6,64.4,2.5,991.0,40.0,8.0,CS,
4,ASNA,2024-08-31 12:00:00,31.08.24,1200,23.6,64.4,2.5,990.0,40.0,8.0,CS,
4,ASNA,2024-08-31 15:00:00,31.08.24,1500,23.6,63.7,2.5,990.0,40.0,8.0,CS,
4,ASNA,2024-08-31 18:00:00,31.08.24,1800,23.5,63.7,2.5,990.0,40.0,8.0,CS,
4,ASNA,2024-08-31 21:00:00,31.08.24,2100,23.4,63.0,2.5,990.0,40.0,8.0,CS,
4,ASNA,2024-09-01 00:00:00,01.09.24,0,23.2,62.6,2.5,990.0,40.0,8.0,CS,
4,ASNA,2024-09-01 03:00:00,01.09.24,300,23.0,62.3,2.5,992.0,35.0,7.0,CS,
4,ASNA,2024-09-01 06:00:00,01.09.24,600,22.7,62.0,2.5,993.0,35.0,7.0,CS,
4,ASNA,2024-09-01 09:00:00,01.09.24,900,22.5,61.8,2.5,993.0,35.0,7.0,CS,
4,ASNA,2024-09-01 12:00:00,01.09.24,1200,22.2,61.7,2.0,996.0,30.0,6.0,DD,
4,ASNA,2024-09-01 18:00:00,01.09.24,1800,21.7,61.5,2.0,998.0,30.0,5.0,DD,
4,ASNA,2024-09-02 00:00:00,02.09.24,0,21.2,61.3,1.5,999.0,20.0,4.0,D,
4,ASNA,2024-09-02 03:00:00,02.09.24,300,20.9,61.2,1.5,1000.0,20.0,3.0,D,
5,August Depression,2024-08-31 00:00:00,31.08.24,0,17.5,84.6,1.5,998.0,25.0,3.0,D,
5,August Depression,2024-08-31 03:00:00,31.08.24,300,17.7,84.5,1.5,997.0,25.0,3.0,D,
5,August Depression,2024-08-31 06:00:00,31.08.24,600,17.9,84.3,1.5,996.0,25.0,3.0,D,
5,August Depression,2024-08-31 12:00:00,31.08.24,1200,18.1,84.0,1.5,997.0,25.0,4.0,D,
5,August Depression,2024-08-31 18:00:00,31.08.24,1800,18.2,83.8,1.5,997.0,25.0,4.0,D,grid_10180
5,August Depression,2024-09-01 00:00:00,01.09.24,0,18.5,83.0,1.5,997.0,25.0,4.0,D,
5,August Depression,2024-09-01 03:00:00,01.09.24,300,18.7,82.4,1.5,998.0,25.0,3.0,D,
5,August Depression,2024-09-01 06:00:00,01.09.24,600,18.7,82.1,1.5,999.0,20.0,3.0,D,
5,August Depression,2024-09-01 12:00:00,01.09.24,1200,19.0,81.2,1.5,999.0,20.0,3.0,D,
5,August Depression,2024-09-01 18:00:00,01.09.24,1800,19.3,80.4,1.5,999.0,20.0,3.0,D,
5,August Depression,2024-09-02 00:00:00,02.09.24,0,19.6,80.0,1.5,999.0,20.0,3.0,D,
5,August Depression,2024-09-02 03:00:00,02.09.24,300,19.7,79.7,1.5,999.0,20.0,3.0,D,
5,August Depression,2024-09-02 06:00:00,02.09.24,600,19.8,79.5,1.5,999.0,20.0,3.0,D,
6,September Deep Depression,2024-09-08 00:00:00,08.09.24,0,17.9,87.0,1.5,998.0,25.0,3.0,D,
6,September Deep Depression,2024-09-08 03:00:00,08.09.24,300,18.2,86.8,1.5,998.0,25.0,3.0,D,
6,September Deep Depression,2024-09-08 06:00:00,08.09.24,600,18.4,86.7,1.5,997.0,25.0,3.0,D,
6,September Deep Depression,2024-09-08 12:00:00,08.09.24,1200,18.6,86.4,1.5,995.0,25.0,4.0,D,
6,September Deep Depression,2024-09-08 18:00:00,08.09.24,1800,18.9,86.3,1.5,993.0,30.0,5.0,DD,
6,September Deep Depression,2024-09-09 00:00:00,09.09.24,0,19.3,86.2,1.5,991.0,30.0,6.0,DD,
6,September Deep Depression,2024-09-09 03:00:00,09.09.24,300,19.6,86.2,1.5,991.0,30.0,6.0,DD,
6,September Deep Depression,2024-09-09 06:00:00,09.09.24,600,20.0,86.0,,992.0,30.0,6.0,DD,
6,September Deep Depression,2024-09-09 12:00:00,09.09.24,1200,20.8,85.1,,994.0,30.0,5.0,DD,
6,September Deep Depression,2024-09-09 18:00:00,09.09.24,1800,21.3,84.4,,995.0,25.0,4.0,D,
6,September Deep Depression,2024-09-10 00:00:00,10.09.24,0,21.7,83.3,,995.0,25.0,4.0,D,
6,September Deep Depression,2024-09-10 03:00:00,10.09.24,300,21.8,82.8,,996.0,25.0,3.0,D,
6,September Deep Depression,2024-09-10 06:00:00,10.09.24,600,21.9,82.1,,996.0,25.0,3.0,D,
7,September Depression,2024-09-11 03:00:00,11.09.24,300,24.0,80.0,,995.0,3.0,20.0,D,
7,September Depression,2024-09-11 06:00:00,11.09.24,600,24.2,79.9,,995.0,3.0,20.0,D,
7,September Depression,2024-09-11 12:00:00,11.09.24,1200,25.0,79.6,,994.0,4.0,25.0,D,
7,September Depression,2024-09-11 18:00:00,11.09.24,1800,26.2,78.2,,994.0,4.0,25.0,D,
7,September Depression,2024-09-12 00:00:00,12.09.24,0,26.7,78.3,,994.0,4.0,25.0,D,
7,September Depression,2024-09-12 03:00:00,12.09.24,300,27.0,78.5,,994.0,4.0,25.0,D,
7,September Depression,2024-09-12 06:00:00,12.09.24,600,27.3,78.7,,994.0,4.0,25.0,D,
7,September Depression,2024-09-12 12:00:00,12.09.24,1200,27.5,79.1,,995.0,3.0,20.0,D,
7,September Depression,2024-09-12 18:00:00,12.09.24,1800,27.7,79.5,,995.0,3.0,20.0,D,
7,September Depression,2024-09-13 00:00:00,13.09.24,0,28.2,79.3,,995.0,3.0,20.0,D,
8,September Deep Depression Bangladesh,2024-09-13 12:00:00,13.09.24,1200,22.0,90.8,1.5,993.0,3.0,20.0,D,
8,September Deep Depression Bangladesh,2024-09-13 18:00:00,13.09.24,1800,22.3,90.4,,992.0,4.0,25.0,D,
8,September Deep Depression Bangladesh,2024-09-14 00:00:00,14.09.24,0,22.5,89.6,,990.0,5.0,30.0,DD,
8,September Deep Depression Bangladesh,2024-09-14 03:00:00,14.09.24,300,22.7,88.8,,990.0,5.0,30.0,DD,
8,September Deep Depression Bangladesh,2024-09-14 06:00:00,14.09.24,600,22.4,88.3,,990.0,5.0,30.0,DD,
8,September Deep Depression Bangladesh,2024-09-14 12:00:00,14.09.24,1200,22.4,88.5,,989.0,6.0,30.0,DD,
8,September Deep Depression Bangladesh,2024-09-14 18:00:00,14.09.24,1800,22.6,88.5,,989.0,6.0,30.0,DD,
8,September Deep Depression Bangladesh,2024-09-15 00:00:00,15.09.24,0,22.6,88.0,,989.0,6.0,30.0,DD,
8,September Deep Depression Bangladesh,2024-09-15 03:00:00,15.09.24,300,22.6,87.8,,990.0,5.0,30.0,DD,
8,September Deep Depression Bangladesh,2024-09-15 06:00:00,15.09.24,600,22.7,87.6,,990.0,5.0,30.0,DD,
8,September Deep Depression Bangladesh,2024-09-15 12:00:00,15.09.24,1200,22.8,87.4,,990.0,5.0,30.0,DD,
8,September Deep Depression Bangladesh,2024-09-15 18:00:00,15.09.24,1800,22.9,87.2,,990.0,5.0,30.0,DD,
8,September Deep Depression Bangladesh,2024-09-16 00:00:00,16.09.24,0,23.0,87.0,,990.0,5.0,30.0,DD,
8,September Deep Depression Bangladesh,2024-09-16 03:00:00,16.09.24,300,23.1,86.7,,990.0,5.0,30.0,DD,
8,September Deep Depression Bangladesh,2024-09-16 06:00:00,16.09.24,600,23.2,86.4,,990.0,5.0,30.0,DD,
8,September Deep Depression Bangladesh,2024-09-16 12:00:00,16.09.24,1200,23.3,85.2,,990.0,5.0,30.0,DD,
8,September Deep Depression Bangladesh,2024-09-16 18:00:00,16.09.24,1800,23.4,84.6,,991.0,5.0,30.0,DD,
8,September Deep Depression Bangladesh,2024-09-17 00:00:00,17.09.24,0,23.6,84.2,,992.0,4.0,25.0,D,
8,September Deep Depression Bangladesh,2024-09-17 03:00:00,17.09.24,300,23.7,83.7,,993.0,4.0,25.0,D,
8,September Deep Depression Bangladesh,2024-09-17 06:00:00,17.09.24,600,23.7,82.7,,995.0,3.0,20.0,D,
8,September Deep Depression Bangladesh,2024-09-17 12:00:00,17.09.24,1200,24.0,81.3,,995.0,3.0,20.0,D,
8,September Deep Depression Bangladesh,2024-09-17 18:00:00,17.09.24,1800,24.2,80.3,,995.0,3.0,20.0,D,
9,Arabian Sea Depression,2024-10-13 12:00:00,13.10.24,1200,15.6,65.0,1.5,1002.0,3.0,20.0,D,
9,Arabian Sea Depression,2024-10-13 18:00:00,13.10.24,1800,15.7,64.7,1.5,1002.0,3.0,20.0,D,
9,Arabian Sea Depression,2024-10-14 00:00:00,14.10.24,0,15.8,64.5,1.5,1002.0,3.0,20.0,D,
9,Arabian Sea Depression,2024-10-14 03:00:00,14.10.24,300,15.8,64.3,1.5,1001.0,4.0,25.0,D,
9,Arabian Sea Depression,2024-10-14 06:00:00,14.10.24,600,16.0,64.0,1.5,1001.0,4.0,25.0,D,
9,Arabian Sea Depression,2024-10-14 12:00:00,14.10.24,1200,16.1,62.0,1.5,1001.0,4.0,25.0,D,
9,Arabian Sea Depression,2024-10-14 18:00:00,14.10.24,1800,16.1,61.5,1.5,1001.0,4.0,25.0,D,
9,Arabian Sea Depression,2024-10-15 00:00:00,15.10.24,0,16.1,61.0,1.5,1002.0,3.0,20.0,D,
9,Arabian Sea Depression,2024-10-15 03:00:00,15.10.24,300,16.8,60.5,1.5,1002.0,3.0,20.0,D,
9,Arabian Sea Depression,2024-10-15 06:00:00,15.10.24,600,17.5,59.8,1.5,1002.0,3.0,20.0,D,
9,Arabian Sea Depression,2024-10-15 12:00:00,15.10.24,1200,18.3,58.8,1.5,1002.0,3.0,20.0,D,
10,October Bay of Bengal Depression,2024-10-15 12:00:00,15.10.24,1200,11.4,84.4,1.5,1002.0,3.0,20.0,D,
10,October Bay of Bengal Depression,2024-10-15 18:00:00,15.10.24,1800,11.8,84.0,1.5,1002.0,3.0,20.0,D,
10,October Bay of Bengal Depression,2024-10-16 00:00:00,16.10.24,0,12.1,83.4,1.5,1002.0,3.0,20.0,D,
10,October Bay of Bengal Depression,2024-10-16 03:00:00,16.10.24,300,12.3,83.0,1.5,1000.0,4.0,25.0,D,
10,October Bay of Bengal Depression,2024-10-16 06:00:00,16.10.24,600,12.5,82.7,1.5,1000.0,4.0,25.0,D,
10,October Bay of Bengal Depression,2024-10-16 12:00:00,16.10.24,1200,12.9,81.9,1.5,1000.0,4.0,25.0,D,
10,October Bay of Bengal Depression,2024-10-16 18:00:00,16.10.24,1800,13.4,80.8,1.5,1000.0,4.0,25.0,D,
11,DANA,2024-10-22 00:00:00,22.10.24,0,15.4,91.6,1.5,1003.0,20.0,3.0,D,
11,DANA,2024-10-22 03:00:00,22.10.24,300,15.5,91.4,1.5,1002.0,20.0,3.0,D,
11,DANA,2024-10-22 06:00:00,22.10.24,600,15.5,91.3,1.5,1000.0,25.0,4.0,D,
11,DANA,2024-10-22 12:00:00,22.10.24,1200,15.6,90.9,2.0,999.0,30.0,5.0,DD,
11,DANA,2024-10-22 18:00:00,22.10.24,1800,15.8,90.5,2.0,998.0,30.0,6.0,DD,
11,DANA,2024-10-23 00:00:00,23.10.24,0,16.2,89.8,2.5,997.0,35.0,7.0,CS,
11,DANA,2024-10-23 03:00:00,23.10.24,300,16.5,89.6,2.5,996.0,35.0,8.0,CS,
11,DANA,2024-10-23 06:00:00,23.10.24,600,16.7,89.2,2.5,995.0,40.0,9.0,CS,
11,DANA,2024-10-23 09:00:00,23.10.24,900,16.9,89.1,3.0,994.0,45.0,10.0,CS,
11,DANA,2024-10-23 12:00:00,23.10.24,1200,17.2,88.9,3.0,992.0,45.0,12.0,CS,
11,DANA,2024-10-23 15:00:00,23.10.24,1500,17.6,88.7,3.0,992.0,45.0,12.0,CS,
11,DANA,2024-10-23 18:00:00,23.10.24,1800,17.9,88.5,3.0,990.0,50.0,14.0,SCS,
11,DANA,2024-10-23 21:00:00,23.10.24,2100,18.3,88.3,3.0,990.0,50.0,14.0,SCS,
11,DANA,2024-10-24 00:00:00,24.10.24,0,18.6,88.2,3.5,988.0,55.0,16.0,SCS,
11,DANA,2024-10-24 03:00:00,24.10.24,300,18.9,88.0,3.5,988.0,55.0,16.0,SCS,
11,DANA,2024-10-24 06:00:00,24.10.24,600,19.2,87.8,3.5,988.0,55.0,16.0,SCS,
11,DANA,2024-10-24 09:00:00,24.10.24,900,19.4,87.6,3.5,986.0,60.0,18.0,SCS,
11,DANA,2024-10-24 12:00:00,24.10.24,1200,19.8,87.5,3.5,986.0,60.0,18.0,SCS,
11,DANA,2024-10-24 15:00:00,24.10.24,1500,20.1,87.3,3.5,986.0,60.0,18.0,SCS,
11,DANA,2024-10-24 18:00:00,24.10.24,1800,20.5,87.1,3.5,988.0,55.0,16.0,SCS,
11,DANA,2024-10-24 21:00:00,24.10.24,2100,20.7,87.0,,988.0,55.0,16.0,SCS,
11,DANA,2024-10-25 00:00:00,25.10.24,0,21.0,86.8,,990.0,50.0,14.0,SCS,
11,DANA,2024-10-25 03:00:00,25.10.24,300,21.2,86.7,,994.0,45.0,10.0,CS,
11,DANA,2024-10-25 06:00:00,25.10.24,600,21.3,86.6,,997.0,35.0,7.0,CS,
11,DANA,2024-10-25 09:00:00,25.10.24,900,21.4,86.4,,998.0,30.0,6.0,DD,
11,DANA,2024-10-25 12:00:00,25.10.24,1200,21.4,86.3,,999.0,30.0,5.0,DD,
11,DANA,2024-10-25 18:00:00,25.10.24,1800,21.4,86.2,,1000.0,25.0,4.0,D,
12,Fengal,2024-11-25 03:00:00,25.11.24,300,5.0,85.3,1.5,1003.0,20.0,3.0,D,
12,Fengal,2024-11-25 06:00:00,25.11.24,600,5.1,84.5,1.5,1003.0,20.0,3.0,D,
12,Fengal,2024-11-25 12:00:00,25.11.24,1200,5.2,83.5,1.5,1002.0,25.0,4.0,D,
12,Fengal,2024-11-25 18:00:00,25.11.24,1800,5.5,83.2,1.5,1002.0,25.0,4.0,D,
12,Fengal,2024-11-26 00:00:00,26.11.24,0,6.0,82.9,1.5,1002.0,25.0,4.0,D,
12,Fengal,2024-11-26 03:00:00,26.11.24,300,6.3,82.8,2.0,1001.0,30.0,5.0,DD,
12,Fengal,2024-11-26 06:00:00,26.11.24,600,6.6,82.8,2.0,1001.0,30.0,5.0,DD,
12,Fengal,2024-11-26 12:00:00,26.11.24,1200,7.0,82.7,2.0,1001.0,30.0,5.0,DD,
12,Fengal,2024-11-26 18:00:00,26.11.24,1800,7.5,82.6,2.0,1001.0,30.0,5.0,DD,
12,Fengal,2024-11-27 00:00:00,27.11.24,0,8.2,82.4,2.0,1001.0,30.0,5.0,DD,
12,Fengal,2024-11-27 03:00:00,27.11.24,300,8.5,82.3,2.0,1001.0,30.0,5.0,DD,
12,Fengal,2024-11-27 06:00:00,27.11.24,600,8.7,82.2,2.0,1001.0,30.0,5.0,DD,
12,Fengal,2024-11-27 12:00:00,27.11.24,1200,8.9,82.2,2.0,1000.0,30.0,6.0,DD,
12,Fengal,2024-11-27 18:00:00,27.11.24,1800,9.0,82.2,2.0,1000.0,30.0,6.0,DD,
12,Fengal,2024-11-28 00:00:00,28.11.24,0,9.0,82.2,2.0,1000.0,30.0,6.0,DD,
12,Fengal,2024-11-28 03:00:00,28.11.24,300,9.1,82.3,2.0,1000.0,30.0,6.0,DD,
12,Fengal,2024-11-28 06:00:00,28.11.24,600,9.3,82.4,2.0,1000.0,30.0,6.0,DD,
12,Fengal,2024-11-28 12:00:00,28.11.24,1200,9.6,82.7,2.0,1000.0,30.0,6.0,DD,
12,Fengal,2024-11-28 18:00:00,28.11.24,1800,10.1,82.8,2.0,1000.0,30.0,6.0,DD,
12,Fengal,2024-11-29 00:00:00,29.11.24,0,10.4,82.7,2.0,1000.0,30.0,6.0,DD,
12,Fengal,2024-11-29 03:00:00,29.11.24,300,10.6,82.6,2.0,1000.0,30.0,6.0,DD,
12,Fengal,2024-11-29 06:00:00,29.11.24,600,10.9,82.5,2.0,1000.0,30.0,6.0,DD,
12,Fengal,2024-11-29 09:00:00,29.11.24,900,11.2,82.2,2.5,999.0,35.0,7.0,CS,
12,Fengal,2024-11-29 12:00:00,29.11.24,1200,11.5,81.9,2.5,999.0,35.0,7.0,CS,
12,Fengal,2024-11-29 15:00:00,29.11.24,1500,11.6,81.7,2.5,999.0,35.0,7.0,CS,
12,Fengal,2024-11-29 18:00:00,29.11.24,1800,11.8,81.7,2.5,999.0,35.0,7.0,CS,
12,Fengal,2024-11-29 21:00:00,29.11.24,2100,11.9,81.5,2.5,996.0,40.0,8.0,CS,
12,Fengal,2024-11-30 00:00:00,30.11.24,0,12.2,81.2,3.0,996.0,45.0,10.0,CS,
12,Fengal,2024-11-30 03:00:00,30.11.24,300,12.3,80.9,3.0,996.0,45.0,10.0,CS,
12,Fengal,2024-11-30 06:00:00,30.11.24,600,12.3,80.7,3.0,996.0,45.0,10.0,CS,
12,Fengal,2024-11-30 09:00:00,30.11.24,900,12.3,80.5,3.0,996.0,45.0,12.0,CS,
12,Fengal,2024-11-30 12:00:00,30.11.24,1200,12.3,80.3,3.0,998.0,40.0,11.0,CS,
12,Fengal,2024-11-30 15:00:00,30.11.24,1500,12.2,80.1,2.5,998.0,40.0,10.0,CS,
12,Fengal,2024-11-30 18:00:00,30.11.24,1800,12.0,79.8,,998.0,40.0,10.0,CS,
12,Fengal,2024-11-30 21:00:00,30.11.24,2100,12.0,79.8,,999.0,35.0,11.0,CS,
12,Fengal,2024-12-01 00:00:00,01.12.24,0,12.0,79.8,,999.0,35.0,10.0,CS,
12,Fengal,2024-12-01 03:00:00,01.12.24,300,12.0,79.8,,999.0,35.0,7.0,CS,
12,Fengal,2024-12-01 06:00:00,01.12.24,600,12.0,79.8,,1000.0,30.0,6.0,DD,
12,Fengal,2024-12-01 12:00:00,01.12.24,1200,12.1,79.6,,1001.0,25.0,4.0,D,
12,Fengal,2024-12-01 18:00:00,01.12.24,1800,12.1,79.2,,1002.0,25.0,3.0,D,
13,December Depression,2024-12-20 00:00:00,20.12.24,0,13.9,84.2,1.5,1002.0,25.0,4.0,D,
13,December Depression,2024-12-20 03:00:00,20.12.24,300,14.0,84.5,1.5,1002.0,25.0,4.0,D,
13,December Depression,2024-12-20 12:00:00,20.12.24,1200,13.7,83.5,1.5,1003.0,20.0,3.0,D,
13,December Depression,2024-12-20 18:00:00,20.12.24,1800,13.9,83.7,1.5,1003.0,25.0,3.0,D,
13,December Depression,2024-12-21 06:00:00,21.12.24,600,14.1,84.6,1.5,1003.0,20.0,3.0,D,
